,source,target,weight
0,s-0,u-10,3
1,s-0,u-11,1
2,s-0,u-46,13
3,s-0,u-47,45
4,s-0,u-50,1
5,s-0,u-51,1
6,s-0,u-52,1
7,s-0,u-54,1
8,s-0,u-56,6
9,s-0,u-9,3
10,s-1,u-0,1
11,s-1,u-1,1
12,s-1,u-10,2
13,s-1,u-11,4
14,s-1,u-15,1
15,s-1,u-20,1
16,s-1,u-24,1
17,s-1,u-35,1
18,s-1,u-41,1
19,s-1,u-45,1
20,s-1,u-46,93
21,s-1,u-47,345
22,s-1,u-48,4
23,s-1,u-49,5
24,s-1,u-50,4
25,s-1,u-51,1
26,s-1,u-52,3
27,s-1,u-54,23
28,s-1,u-56,17
29,s-1,u-6,1
30,s-1,u-60,1
31,s-1,u-7,3
32,s-1,u-9,30
33,s-10,u-0,22
34,s-10,u-1,5
35,s-10,u-10,14
36,s-10,u-11,14
37,s-10,u-12,2
38,s-10,u-13,1
39,s-10,u-14,1
40,s-10,u-15,1
41,s-10,u-16,6
42,s-10,u-2,1
43,s-10,u-25,1
44,s-10,u-26,4
45,s-10,u-28,2
46,s-10,u-3,2
47,s-10,u-37,1
48,s-10,u-4,1
49,s-10,u-40,2
50,s-10,u-41,1
51,s-10,u-45,2
52,s-10,u-48,1
53,s-10,u-49,2
54,s-10,u-5,6
55,s-10,u-56,1
56,s-10,u-6,8
57,s-10,u-61,7
58,s-10,u-7,42
59,s-10,u-8,63
60,s-10,u-9,23
61,s-11,u-0,7
62,s-11,u-1,5
63,s-11,u-10,2
64,s-11,u-11,1
65,s-11,u-14,1
66,s-11,u-36,1
67,s-11,u-41,2
68,s-11,u-45,3
69,s-11,u-48,3
70,s-11,u-5,1
71,s-11,u-6,1
72,s-11,u-61,3
73,s-11,u-7,11
74,s-11,u-8,11
75,s-11,u-9,2
76,s-12,u-0,7
77,s-12,u-10,5
78,s-12,u-11,7
79,s-12,u-12,3
80,s-12,u-14,1
81,s-12,u-17,1
82,s-12,u-39,1
83,s-12,u-40,1
84,s-12,u-45,1
85,s-12,u-49,2
86,s-12,u-5,3
87,s-12,u-50,1
88,s-12,u-56,1
89,s-12,u-6,3
90,s-12,u-61,1
91,s-12,u-7,18
92,s-12,u-8,11
93,s-12,u-9,4
94,s-13,u-0,58
95,s-13,u-1,2
96,s-13,u-11,34
97,s-13,u-12,6
98,s-13,u-13,1
99,s-13,u-14,3
100,s-13,u-15,2
101,s-13,u-16,1
102,s-13,u-17,1
103,s-13,u-18,1
104,s-13,u-2,6
105,s-13,u-20,2
106,s-13,u-24,1
107,s-13,u-25,2
108,s-13,u-28,1
109,s-13,u-3,1
110,s-13,u-4,4
111,s-13,u-40,1
112,s-13,u-49,2
113,s-13,u-5,87
114,s-13,u-50,1
115,s-13,u-56,7
116,s-13,u-6,5
117,s-13,u-61,11
118,s-13,u-7,17
119,s-13,u-8,15
120,s-13,u-9,2
121,s-14,u-0,3
122,s-14,u-10,2
123,s-14,u-11,76
124,s-14,u-12,14
125,s-14,u-13,6
126,s-14,u-14,1
127,s-14,u-15,2
128,s-14,u-16,4
129,s-14,u-18,1
130,s-14,u-19,2
131,s-14,u-25,4
132,s-14,u-28,1
133,s-14,u-34,1
134,s-14,u-47,1
135,s-14,u-49,5
136,s-14,u-5,2
137,s-14,u-51,2
138,s-14,u-56,6
139,s-14,u-57,1
140,s-14,u-58,1
141,s-14,u-61,9
142,s-14,u-9,6
143,s-15,u-0,7
144,s-15,u-1,9
145,s-15,u-11,1
146,s-15,u-12,7
147,s-15,u-26,1
148,s-15,u-28,2
149,s-15,u-34,1
150,s-15,u-40,25
151,s-15,u-47,2
152,s-15,u-49,4
153,s-15,u-51,6
154,s-15,u-53,1
155,s-15,u-61,7
156,s-15,u-9,1
157,s-16,u-1,1
158,s-16,u-10,1
159,s-16,u-11,20
160,s-16,u-12,26
161,s-16,u-13,1
162,s-16,u-14,1
163,s-16,u-16,2
164,s-16,u-17,1
165,s-16,u-20,1
166,s-16,u-22,1
167,s-16,u-25,2
168,s-16,u-28,1
169,s-16,u-34,1
170,s-16,u-47,1
171,s-16,u-49,1
172,s-16,u-5,1
173,s-16,u-51,2
174,s-16,u-56,2
175,s-16,u-61,5
176,s-16,u-9,1
177,s-17,u-0,98
178,s-17,u-1,43
179,s-17,u-11,25
180,s-17,u-12,11
181,s-17,u-14,2
182,s-17,u-15,2
183,s-17,u-17,1
184,s-17,u-2,4
185,s-17,u-24,2
186,s-17,u-25,7
187,s-17,u-26,1
188,s-17,u-27,1
189,s-17,u-28,4
190,s-17,u-3,5
191,s-17,u-35,1
192,s-17,u-36,2
193,s-17,u-37,7
194,s-17,u-38,1
195,s-17,u-39,8
196,s-17,u-4,4
197,s-17,u-40,29
198,s-17,u-41,2
199,s-17,u-45,1
200,s-17,u-46,13
201,s-17,u-47,12
202,s-17,u-48,3
203,s-17,u-49,8
204,s-17,u-5,15
205,s-17,u-51,3
206,s-17,u-6,8
207,s-17,u-61,48
208,s-17,u-7,38
209,s-17,u-8,48
210,s-17,u-9,2
211,s-18,u-0,12
212,s-18,u-1,9
213,s-18,u-11,7
214,s-18,u-12,2
215,s-18,u-16,1
216,s-18,u-17,3
217,s-18,u-2,1
218,s-18,u-20,2
219,s-18,u-23,1
220,s-18,u-25,7
221,s-18,u-26,1
222,s-18,u-27,3
223,s-18,u-28,6
224,s-18,u-34,3
225,s-18,u-35,1
226,s-18,u-39,2
227,s-18,u-40,2
228,s-18,u-44,1
229,s-18,u-46,19
230,s-18,u-47,21
231,s-18,u-48,2
232,s-18,u-49,4
233,s-18,u-50,1
234,s-18,u-51,1
235,s-18,u-54,2
236,s-18,u-56,1
237,s-18,u-61,14
238,s-18,u-8,1
239,s-19,u-0,8
240,s-19,u-1,2
241,s-19,u-11,3
242,s-19,u-14,1
243,s-19,u-16,2
244,s-19,u-20,2
245,s-19,u-25,8
246,s-19,u-26,1
247,s-19,u-27,1
248,s-19,u-28,4
249,s-19,u-34,1
250,s-19,u-35,3
251,s-19,u-37,1
252,s-19,u-39,2
253,s-19,u-40,1
254,s-19,u-42,1
255,s-19,u-44,2
256,s-19,u-46,3
257,s-19,u-47,37
258,s-19,u-49,1
259,s-19,u-56,1
260,s-19,u-59,1
261,s-19,u-61,1
262,s-19,u-7,3
263,s-2,u-0,3
264,s-2,u-10,35
265,s-2,u-11,3
266,s-2,u-12,1
267,s-2,u-15,2
268,s-2,u-16,4
269,s-2,u-20,1
270,s-2,u-23,2
271,s-2,u-25,2
272,s-2,u-26,1
273,s-2,u-36,1
274,s-2,u-39,1
275,s-2,u-46,6
276,s-2,u-47,4
277,s-2,u-49,1
278,s-2,u-51,1
279,s-2,u-54,1
280,s-2,u-57,1
281,s-2,u-6,12
282,s-2,u-61,1
283,s-2,u-7,4
284,s-2,u-8,9
285,s-2,u-9,44
286,s-20,u-0,10
287,s-20,u-1,36
288,s-20,u-11,19
289,s-20,u-12,3
290,s-20,u-15,1
291,s-20,u-2,1
292,s-20,u-27,2
293,s-20,u-29,1
294,s-20,u-34,1
295,s-20,u-35,1
296,s-20,u-36,1
297,s-20,u-37,5
298,s-20,u-39,7
299,s-20,u-40,11
300,s-20,u-41,1
301,s-20,u-46,4
302,s-20,u-47,11
303,s-20,u-48,3
304,s-20,u-49,2
305,s-20,u-5,1
306,s-20,u-50,3
307,s-20,u-51,1
308,s-20,u-56,2
309,s-20,u-6,1
310,s-20,u-61,27
311,s-20,u-7,8
312,s-20,u-8,2
313,s-21,u-0,1
314,s-21,u-1,1
315,s-21,u-11,19
316,s-21,u-12,6
317,s-21,u-13,56
318,s-21,u-14,2
319,s-21,u-15,2
320,s-21,u-16,17
321,s-21,u-20,1
322,s-21,u-23,2
323,s-21,u-25,7
324,s-21,u-27,1
325,s-21,u-28,1
326,s-21,u-34,4
327,s-21,u-36,1
328,s-21,u-37,10
329,s-21,u-39,3
330,s-21,u-41,47
331,s-21,u-42,1
332,s-21,u-49,1
333,s-21,u-5,4
334,s-21,u-56,1
335,s-21,u-61,24
336,s-21,u-7,1
337,s-21,u-9,1
338,s-22,u-0,14
339,s-22,u-1,11
340,s-22,u-10,4
341,s-22,u-11,101
342,s-22,u-12,14
343,s-22,u-13,5
344,s-22,u-14,9
345,s-22,u-15,2
346,s-22,u-16,8
347,s-22,u-17,2
348,s-22,u-18,5
349,s-22,u-20,4
350,s-22,u-21,8
351,s-22,u-24,1
352,s-22,u-25,6
353,s-22,u-28,2
354,s-22,u-29,1
355,s-22,u-34,6
356,s-22,u-35,2
357,s-22,u-36,2
358,s-22,u-37,8
359,s-22,u-38,3
360,s-22,u-39,20
361,s-22,u-40,18
362,s-22,u-41,5
363,s-22,u-44,1
364,s-22,u-46,13
365,s-22,u-47,19
366,s-22,u-48,3
367,s-22,u-49,10
368,s-22,u-5,2
369,s-22,u-50,2
370,s-22,u-51,2
371,s-22,u-56,46
372,s-22,u-57,6
373,s-22,u-58,3
374,s-22,u-59,1
375,s-22,u-6,4
376,s-22,u-60,1
377,s-22,u-61,64
378,s-22,u-7,2
379,s-22,u-8,2
380,s-22,u-9,18
381,s-23,u-0,11
382,s-23,u-10,7
383,s-23,u-11,309
384,s-23,u-12,49
385,s-23,u-14,2
386,s-23,u-15,1
387,s-23,u-16,6
388,s-23,u-17,2
389,s-23,u-18,1
390,s-23,u-20,6
391,s-23,u-21,1
392,s-23,u-22,120
393,s-23,u-23,71
394,s-23,u-24,53
395,s-23,u-25,130
396,s-23,u-26,4
397,s-23,u-27,1
398,s-23,u-28,6
399,s-23,u-29,17
400,s-23,u-34,8
401,s-23,u-35,1
402,s-23,u-36,27
403,s-23,u-37,55
404,s-23,u-38,14
405,s-23,u-39,14
406,s-23,u-41,20
407,s-23,u-42,16
408,s-23,u-43,6
409,s-23,u-44,6
410,s-23,u-45,15
411,s-23,u-46,19
412,s-23,u-47,17
413,s-23,u-48,6
414,s-23,u-49,13
415,s-23,u-5,1
416,s-23,u-50,4
417,s-23,u-51,3
418,s-23,u-56,225
419,s-23,u-57,15
420,s-23,u-58,9
421,s-23,u-59,6
422,s-23,u-6,4
423,s-23,u-60,1
424,s-23,u-61,66
425,s-23,u-9,17
426,s-24,u-0,3
427,s-24,u-11,39
428,s-24,u-13,2
429,s-24,u-14,2
430,s-24,u-15,4
431,s-24,u-16,2
432,s-24,u-17,1
433,s-24,u-18,5
434,s-24,u-19,2
435,s-24,u-20,4
436,s-24,u-21,4
437,s-24,u-24,1
438,s-24,u-25,5
439,s-24,u-26,2
440,s-24,u-28,1
441,s-24,u-34,1
442,s-24,u-35,2
443,s-24,u-36,1
444,s-24,u-37,1
445,s-24,u-38,2
446,s-24,u-39,1
447,s-24,u-41,1
448,s-24,u-43,1
449,s-24,u-44,1
450,s-24,u-46,4
451,s-24,u-47,7
452,s-24,u-48,1
453,s-24,u-49,2
454,s-24,u-50,1
455,s-24,u-51,1
456,s-24,u-56,19
457,s-24,u-57,1
458,s-24,u-59,2
459,s-24,u-61,6
460,s-24,u-9,5
461,s-25,u-11,78
462,s-25,u-13,2
463,s-25,u-14,14
464,s-25,u-15,14
465,s-25,u-16,6
466,s-25,u-17,9
467,s-25,u-18,3
468,s-25,u-19,3
469,s-25,u-2,1
470,s-25,u-20,16
471,s-25,u-21,5
472,s-25,u-25,5
473,s-25,u-28,2
474,s-25,u-29,2
475,s-25,u-36,2
476,s-25,u-37,8
477,s-25,u-38,4
478,s-25,u-39,2
479,s-25,u-41,1
480,s-25,u-42,3
481,s-25,u-43,1
482,s-25,u-45,5
483,s-25,u-46,8
484,s-25,u-47,10
485,s-25,u-48,3
486,s-25,u-49,3
487,s-25,u-50,4
488,s-25,u-51,2
489,s-25,u-56,26
490,s-25,u-57,7
491,s-25,u-58,1
492,s-25,u-59,1
493,s-25,u-61,9
494,s-25,u-9,8
495,s-26,u-0,3
496,s-26,u-11,74
497,s-26,u-12,2
498,s-26,u-14,8
499,s-26,u-15,12
500,s-26,u-16,7
501,s-26,u-17,1
502,s-26,u-18,11
503,s-26,u-19,5
504,s-26,u-20,8
505,s-26,u-21,9
506,s-26,u-25,8
507,s-26,u-26,2
508,s-26,u-28,5
509,s-26,u-34,1
510,s-26,u-35,1
511,s-26,u-37,4
512,s-26,u-38,1
513,s-26,u-39,5
514,s-26,u-41,2
515,s-26,u-43,1
516,s-26,u-44,2
517,s-26,u-46,7
518,s-26,u-47,8
519,s-26,u-49,2
520,s-26,u-50,2
521,s-26,u-56,28
522,s-26,u-57,7
523,s-26,u-58,1
524,s-26,u-59,1
525,s-26,u-60,1
526,s-26,u-61,10
527,s-26,u-9,5
528,s-27,u-0,3
529,s-27,u-11,26
530,s-27,u-12,1
531,s-27,u-13,1
532,s-27,u-14,13
533,s-27,u-15,13
534,s-27,u-16,18
535,s-27,u-17,6
536,s-27,u-18,9
537,s-27,u-19,2
538,s-27,u-20,18
539,s-27,u-21,5
540,s-27,u-24,1
541,s-27,u-25,1
542,s-27,u-28,3
543,s-27,u-29,1
544,s-27,u-34,4
545,s-27,u-36,3
546,s-27,u-37,4
547,s-27,u-38,5
548,s-27,u-39,2
549,s-27,u-41,3
550,s-27,u-42,1
551,s-27,u-45,1
552,s-27,u-46,1
553,s-27,u-48,1
554,s-27,u-49,1
555,s-27,u-5,1
556,s-27,u-50,2
557,s-27,u-51,1
558,s-27,u-54,1
559,s-27,u-56,10
560,s-27,u-57,1
561,s-27,u-6,1
562,s-27,u-60,1
563,s-27,u-61,2
564,s-28,u-0,3
565,s-28,u-11,29
566,s-28,u-13,3
567,s-28,u-14,63
568,s-28,u-15,20
569,s-28,u-16,12
570,s-28,u-17,16
571,s-28,u-18,12
572,s-28,u-19,3
573,s-28,u-20,57
574,s-28,u-21,15
575,s-28,u-25,3
576,s-28,u-28,1
577,s-28,u-29,3
578,s-28,u-34,2
579,s-28,u-36,6
580,s-28,u-37,28
581,s-28,u-38,22
582,s-28,u-39,1
583,s-28,u-41,3
584,s-28,u-42,9
585,s-28,u-43,3
586,s-28,u-44,7
587,s-28,u-45,5
588,s-28,u-46,2
589,s-28,u-48,4
590,s-28,u-49,3
591,s-28,u-56,9
592,s-28,u-57,2
593,s-28,u-59,1
594,s-28,u-61,4
595,s-28,u-9,1
596,s-29,u-0,2
597,s-29,u-11,81
598,s-29,u-12,3
599,s-29,u-14,15
600,s-29,u-15,7
601,s-29,u-16,17
602,s-29,u-17,3
603,s-29,u-18,10
604,s-29,u-19,5
605,s-29,u-20,16
606,s-29,u-21,18
607,s-29,u-24,1
608,s-29,u-25,4
609,s-29,u-26,1
610,s-29,u-28,1
611,s-29,u-34,2
612,s-29,u-35,2
613,s-29,u-36,2
614,s-29,u-37,8
615,s-29,u-38,5
616,s-29,u-39,5
617,s-29,u-41,4
618,s-29,u-42,3
619,s-29,u-43,1
620,s-29,u-44,3
621,s-29,u-46,3
622,s-29,u-47,6
623,s-29,u-48,1
624,s-29,u-49,1
625,s-29,u-50,6
626,s-29,u-51,1
627,s-29,u-56,24
628,s-29,u-57,5
629,s-29,u-58,2
630,s-29,u-59,1
631,s-29,u-6,1
632,s-29,u-61,15
633,s-29,u-9,4
634,s-3,u-0,90
635,s-3,u-1,3
636,s-3,u-10,7
637,s-3,u-11,10
638,s-3,u-12,2
639,s-3,u-14,11
640,s-3,u-15,6
641,s-3,u-16,17
642,s-3,u-17,21
643,s-3,u-2,5
644,s-3,u-20,29
645,s-3,u-22,1
646,s-3,u-23,4
647,s-3,u-24,4
648,s-3,u-25,87
649,s-3,u-26,22
650,s-3,u-27,16
651,s-3,u-28,66
652,s-3,u-29,4
653,s-3,u-3,4
654,s-3,u-34,17
655,s-3,u-35,15
656,s-3,u-36,1
657,s-3,u-38,3
658,s-3,u-39,2
659,s-3,u-4,6
660,s-3,u-40,3
661,s-3,u-41,2
662,s-3,u-42,9
663,s-3,u-43,6
664,s-3,u-44,4
665,s-3,u-46,96
666,s-3,u-47,304
667,s-3,u-48,1
668,s-3,u-49,2
669,s-3,u-5,2
670,s-3,u-50,1
671,s-3,u-51,8
672,s-3,u-52,4
673,s-3,u-54,29
674,s-3,u-55,1
675,s-3,u-56,15
676,s-3,u-57,1
677,s-3,u-6,1
678,s-3,u-61,26
679,s-3,u-9,152
680,s-30,u-46,1
681,s-30,u-47,1
682,s-30,u-55,1
683,s-31,u-55,1
684,s-32,u-46,1
685,s-33,u-0,1
686,s-33,u-46,4
687,s-33,u-47,14
688,s-33,u-52,4
689,s-33,u-55,2
690,s-33,u-9,1
691,s-34,u-30,1
692,s-34,u-46,2
693,s-34,u-47,2
694,s-34,u-52,1
695,s-34,u-54,1
696,s-36,u-46,2
697,s-36,u-47,7
698,s-36,u-52,2
699,s-36,u-55,1
700,s-37,u-0,1
701,s-37,u-26,1
702,s-37,u-51,1
703,s-37,u-52,2
704,s-38,u-0,1
705,s-38,u-25,1
706,s-38,u-30,1
707,s-38,u-46,9
708,s-38,u-47,8
709,s-38,u-51,1
710,s-38,u-52,2
711,s-38,u-55,1
712,s-38,u-61,3
713,s-38,u-9,1
714,s-39,u-47,1
715,s-4,u-0,19
716,s-4,u-10,1
717,s-4,u-11,3
718,s-4,u-12,1
719,s-4,u-14,4
720,s-4,u-15,2
721,s-4,u-16,4
722,s-4,u-17,1
723,s-4,u-20,5
724,s-4,u-23,2
725,s-4,u-24,1
726,s-4,u-25,24
727,s-4,u-26,3
728,s-4,u-27,1
729,s-4,u-28,13
730,s-4,u-34,8
731,s-4,u-35,2
732,s-4,u-46,16
733,s-4,u-47,52
734,s-4,u-51,1
735,s-4,u-54,1
736,s-4,u-56,3
737,s-4,u-57,1
738,s-4,u-58,1
739,s-4,u-61,16
740,s-4,u-9,29
741,s-40,u-11,1
742,s-40,u-46,3
743,s-40,u-47,2
744,s-40,u-52,1
745,s-40,u-55,2
746,s-40,u-56,2
747,s-41,u-0,2
748,s-41,u-11,1
749,s-41,u-15,1
750,s-41,u-16,2
751,s-41,u-20,1
752,s-41,u-23,1
753,s-41,u-25,3
754,s-41,u-27,1
755,s-41,u-28,2
756,s-41,u-34,2
757,s-41,u-41,1
758,s-41,u-46,12
759,s-41,u-47,14
760,s-41,u-52,8
761,s-41,u-54,1
762,s-41,u-55,6
763,s-42,u-46,1
764,s-42,u-47,1
765,s-42,u-51,1
766,s-43,u-25,1
767,s-43,u-46,5
768,s-43,u-47,6
769,s-43,u-52,1
770,s-45,u-46,2
771,s-45,u-47,3
772,s-45,u-52,2
773,s-45,u-55,2
774,s-46,u-46,4
775,s-46,u-49,1
776,s-46,u-52,1
777,s-46,u-55,2
778,s-46,u-60,1
779,s-47,u-0,2
780,s-47,u-1,1
781,s-47,u-10,1
782,s-47,u-34,1
783,s-47,u-46,1
784,s-47,u-47,5
785,s-48,u-0,39
786,s-48,u-1,31
787,s-48,u-11,22
788,s-48,u-12,4
789,s-48,u-16,2
790,s-48,u-19,1
791,s-48,u-2,3
792,s-48,u-20,2
793,s-48,u-25,5
794,s-48,u-26,2
795,s-48,u-28,4
796,s-48,u-3,2
797,s-48,u-34,1
798,s-48,u-35,1
799,s-48,u-37,10
800,s-48,u-39,6
801,s-48,u-4,5
802,s-48,u-40,28
803,s-48,u-42,3
804,s-48,u-44,1
805,s-48,u-46,2
806,s-48,u-47,20
807,s-48,u-48,1
808,s-48,u-49,12
809,s-48,u-5,7
810,s-48,u-50,3
811,s-48,u-51,3
812,s-48,u-52,1
813,s-48,u-56,1
814,s-48,u-6,11
815,s-48,u-61,43
816,s-48,u-7,14
817,s-48,u-8,25
818,s-48,u-9,1
819,s-49,u-25,1
820,s-49,u-47,1
821,s-49,u-55,1
822,s-5,u-0,4
823,s-5,u-1,1
824,s-5,u-10,1
825,s-5,u-11,2
826,s-5,u-12,1
827,s-5,u-14,5
828,s-5,u-15,1
829,s-5,u-16,11
830,s-5,u-17,10
831,s-5,u-20,4
832,s-5,u-22,1
833,s-5,u-23,3
834,s-5,u-24,1
835,s-5,u-25,21
836,s-5,u-26,1
837,s-5,u-27,3
838,s-5,u-28,6
839,s-5,u-3,1
840,s-5,u-34,5
841,s-5,u-35,6
842,s-5,u-36,2
843,s-5,u-38,2
844,s-5,u-40,1
845,s-5,u-42,2
846,s-5,u-43,1
847,s-5,u-46,22
848,s-5,u-47,83
849,s-5,u-50,1
850,s-5,u-54,6
851,s-5,u-56,2
852,s-5,u-7,1
853,s-5,u-8,1
854,s-50,u-25,1
855,s-51,u-26,1
856,s-51,u-55,1
857,s-52,u-0,24
858,s-52,u-11,15
859,s-52,u-13,1
860,s-52,u-14,4
861,s-52,u-15,3
862,s-52,u-16,6
863,s-52,u-17,1
864,s-52,u-19,1
865,s-52,u-2,2
866,s-52,u-20,3
867,s-52,u-22,2
868,s-52,u-23,1
869,s-52,u-25,29
870,s-52,u-26,1
871,s-52,u-27,6
872,s-52,u-28,4
873,s-52,u-30,13
874,s-52,u-34,5
875,s-52,u-35,2
876,s-52,u-37,1
877,s-52,u-38,1
878,s-52,u-39,2
879,s-52,u-42,1
880,s-52,u-46,58
881,s-52,u-47,122
882,s-52,u-48,3
883,s-52,u-49,3
884,s-52,u-50,2
885,s-52,u-52,1
886,s-52,u-54,8
887,s-52,u-55,2
888,s-52,u-56,101
889,s-52,u-57,2
890,s-52,u-58,4
891,s-52,u-59,3
892,s-52,u-60,6
893,s-52,u-9,39
894,s-53,u-31,4
895,s-53,u-46,13
896,s-53,u-47,11
897,s-53,u-49,1
898,s-53,u-54,2
899,s-53,u-56,30
900,s-53,u-57,7
901,s-53,u-58,2
902,s-54,u-0,31
903,s-54,u-10,1
904,s-54,u-11,39
905,s-54,u-12,1
906,s-54,u-14,10
907,s-54,u-15,15
908,s-54,u-16,14
909,s-54,u-17,6
910,s-54,u-18,1
911,s-54,u-19,1
912,s-54,u-2,1
913,s-54,u-20,13
914,s-54,u-21,2
915,s-54,u-22,4
916,s-54,u-23,3
917,s-54,u-24,3
918,s-54,u-25,47
919,s-54,u-26,3
920,s-54,u-27,3
921,s-54,u-28,14
922,s-54,u-29,2
923,s-54,u-3,2
924,s-54,u-30,1
925,s-54,u-31,1
926,s-54,u-34,12
927,s-54,u-35,4
928,s-54,u-36,1
929,s-54,u-37,4
930,s-54,u-38,2
931,s-54,u-39,4
932,s-54,u-4,4
933,s-54,u-40,2
934,s-54,u-42,4
935,s-54,u-43,3
936,s-54,u-44,2
937,s-54,u-45,3
938,s-54,u-46,76
939,s-54,u-47,139
940,s-54,u-48,5
941,s-54,u-49,6
942,s-54,u-50,1
943,s-54,u-51,5
944,s-54,u-54,12
945,s-54,u-56,52
946,s-54,u-57,7
947,s-54,u-58,6
948,s-54,u-59,4
949,s-54,u-6,1
950,s-54,u-60,9
951,s-54,u-61,4
952,s-54,u-9,67
953,s-55,u-0,12
954,s-55,u-11,2
955,s-55,u-14,6
956,s-55,u-16,2
957,s-55,u-17,3
958,s-55,u-21,2
959,s-55,u-25,7
960,s-55,u-26,1
961,s-55,u-28,1
962,s-55,u-34,2
963,s-55,u-37,1
964,s-55,u-40,1
965,s-55,u-43,1
966,s-55,u-45,1
967,s-55,u-46,15
968,s-55,u-47,25
969,s-55,u-50,1
970,s-55,u-51,1
971,s-55,u-56,2
972,s-55,u-58,2
973,s-55,u-6,1
974,s-55,u-60,2
975,s-55,u-9,12
976,s-56,u-0,9
977,s-56,u-14,1
978,s-56,u-15,3
979,s-56,u-16,2
980,s-56,u-17,1
981,s-56,u-20,3
982,s-56,u-22,1
983,s-56,u-23,1
984,s-56,u-25,10
985,s-56,u-26,1
986,s-56,u-27,2
987,s-56,u-28,2
988,s-56,u-34,3
989,s-56,u-39,1
990,s-56,u-41,1
991,s-56,u-46,9
992,s-56,u-47,39
993,s-56,u-51,1
994,s-56,u-52,1
995,s-56,u-54,2
996,s-56,u-56,4
997,s-56,u-60,1
998,s-56,u-9,15
999,s-57,u-0,4
1000,s-57,u-11,2
1001,s-57,u-15,2
1002,s-57,u-16,2
1003,s-57,u-17,2
1004,s-57,u-20,2
1005,s-57,u-23,3
1006,s-57,u-25,7
1007,s-57,u-26,1
1008,s-57,u-28,4
1009,s-57,u-30,1
1010,s-57,u-46,14
1011,s-57,u-47,36
1012,s-57,u-48,1
1013,s-57,u-51,2
1014,s-57,u-52,1
1015,s-57,u-54,5
1016,s-57,u-56,34
1017,s-57,u-57,9
1018,s-57,u-58,2
1019,s-57,u-59,2
1020,s-57,u-60,2
1021,s-57,u-9,11
1022,s-58,u-0,12
1023,s-58,u-1,2
1024,s-58,u-11,60
1025,s-58,u-13,2
1026,s-58,u-14,6
1027,s-58,u-15,5
1028,s-58,u-16,6
1029,s-58,u-17,2
1030,s-58,u-18,3
1031,s-58,u-19,3
1032,s-58,u-2,1
1033,s-58,u-20,8
1034,s-58,u-21,6
1035,s-58,u-22,2
1036,s-58,u-25,10
1037,s-58,u-26,4
1038,s-58,u-27,3
1039,s-58,u-28,5
1040,s-58,u-30,3
1041,s-58,u-34,11
1042,s-58,u-35,1
1043,s-58,u-37,1
1044,s-58,u-38,3
1045,s-58,u-39,1
1046,s-58,u-40,1
1047,s-58,u-41,3
1048,s-58,u-42,4
1049,s-58,u-44,2
1050,s-58,u-45,1
1051,s-58,u-46,9
1052,s-58,u-47,35
1053,s-58,u-48,1
1054,s-58,u-5,1
1055,s-58,u-50,4
1056,s-58,u-51,1
1057,s-58,u-52,2
1058,s-58,u-54,1
1059,s-58,u-56,82
1060,s-58,u-57,8
1061,s-58,u-58,3
1062,s-58,u-59,1
1063,s-58,u-60,13
1064,s-58,u-61,12
1065,s-58,u-8,1
1066,s-58,u-9,13
1067,s-59,u-0,4
1068,s-59,u-11,1
1069,s-59,u-14,1
1070,s-59,u-15,2
1071,s-59,u-16,4
1072,s-59,u-18,1
1073,s-59,u-20,3
1074,s-59,u-25,8
1075,s-59,u-29,3
1076,s-59,u-3,1
1077,s-59,u-34,6
1078,s-59,u-35,12
1079,s-59,u-36,7
1080,s-59,u-37,2
1081,s-59,u-41,2
1082,s-59,u-42,3
1083,s-59,u-43,1
1084,s-59,u-44,1
1085,s-59,u-45,1
1086,s-59,u-46,7
1087,s-59,u-47,16
1088,s-59,u-48,1
1089,s-59,u-50,3
1090,s-59,u-56,90
1091,s-59,u-57,8
1092,s-59,u-58,5
1093,s-59,u-59,3
1094,s-59,u-60,3
1095,s-59,u-9,8
1096,s-6,u-0,50
1097,s-6,u-10,4
1098,s-6,u-15,1
1099,s-6,u-16,6
1100,s-6,u-17,1
1101,s-6,u-2,8
1102,s-6,u-24,1
1103,s-6,u-26,1
1104,s-6,u-3,4
1105,s-6,u-31,1
1106,s-6,u-34,2
1107,s-6,u-35,2
1108,s-6,u-4,3
1109,s-6,u-42,1
1110,s-6,u-5,3
1111,s-6,u-51,1
1112,s-6,u-56,1
1113,s-6,u-6,38
1114,s-6,u-7,4
1115,s-6,u-8,8
1116,s-6,u-9,7
1117,s-60,u-0,3
1118,s-60,u-11,1
1119,s-60,u-14,1
1120,s-60,u-17,1
1121,s-60,u-21,1
1122,s-60,u-25,7
1123,s-60,u-26,1
1124,s-60,u-34,4
1125,s-60,u-35,2
1126,s-60,u-36,1
1127,s-60,u-39,1
1128,s-60,u-42,1
1129,s-60,u-43,1
1130,s-60,u-46,3
1131,s-60,u-47,5
1132,s-60,u-48,1
1133,s-60,u-50,1
1134,s-60,u-56,33
1135,s-60,u-57,1
1136,s-60,u-59,1
1137,s-60,u-60,5
1138,s-60,u-9,4
1139,s-61,u-0,11
1140,s-61,u-1,1
1141,s-61,u-11,2
1142,s-61,u-15,1
1143,s-61,u-16,2
1144,s-61,u-17,3
1145,s-61,u-19,1
1146,s-61,u-2,1
1147,s-61,u-20,5
1148,s-61,u-21,1
1149,s-61,u-23,2
1150,s-61,u-24,2
1151,s-61,u-25,21
1152,s-61,u-26,3
1153,s-61,u-27,3
1154,s-61,u-34,5
1155,s-61,u-36,6
1156,s-61,u-39,1
1157,s-61,u-45,2
1158,s-61,u-46,13
1159,s-61,u-47,35
1160,s-61,u-49,2
1161,s-61,u-50,1
1162,s-61,u-51,1
1163,s-61,u-54,3
1164,s-61,u-56,63
1165,s-61,u-57,11
1166,s-61,u-58,4
1167,s-61,u-59,4
1168,s-61,u-60,5
1169,s-61,u-61,1
1170,s-61,u-9,21
1171,s-62,u-0,13
1172,s-62,u-1,2
1173,s-62,u-11,31
1174,s-62,u-14,6
1175,s-62,u-15,3
1176,s-62,u-16,3
1177,s-62,u-17,4
1178,s-62,u-18,3
1179,s-62,u-20,11
1180,s-62,u-21,1
1181,s-62,u-22,1
1182,s-62,u-23,1
1183,s-62,u-24,3
1184,s-62,u-25,18
1185,s-62,u-26,2
1186,s-62,u-28,1
1187,s-62,u-29,5
1188,s-62,u-34,5
1189,s-62,u-35,7
1190,s-62,u-37,2
1191,s-62,u-38,2
1192,s-62,u-39,1
1193,s-62,u-40,1
1194,s-62,u-41,2
1195,s-62,u-42,3
1196,s-62,u-43,3
1197,s-62,u-44,2
1198,s-62,u-45,1
1199,s-62,u-46,8
1200,s-62,u-47,27
1201,s-62,u-48,1
1202,s-62,u-49,1
1203,s-62,u-50,1
1204,s-62,u-51,1
1205,s-62,u-54,2
1206,s-62,u-55,1
1207,s-62,u-56,73
1208,s-62,u-57,7
1209,s-62,u-58,1
1210,s-62,u-59,1
1211,s-62,u-60,14
1212,s-62,u-61,2
1213,s-62,u-9,24
1214,s-63,u-0,15
1215,s-63,u-1,1
1216,s-63,u-10,1
1217,s-63,u-11,6
1218,s-63,u-14,8
1219,s-63,u-15,4
1220,s-63,u-16,5
1221,s-63,u-17,1
1222,s-63,u-18,2
1223,s-63,u-2,1
1224,s-63,u-20,3
1225,s-63,u-21,2
1226,s-63,u-22,1
1227,s-63,u-23,3
1228,s-63,u-24,2
1229,s-63,u-25,20
1230,s-63,u-28,5
1231,s-63,u-3,1
1232,s-63,u-34,2
1233,s-63,u-35,1
1234,s-63,u-36,1
1235,s-63,u-37,1
1236,s-63,u-38,1
1237,s-63,u-39,1
1238,s-63,u-4,1
1239,s-63,u-41,1
1240,s-63,u-42,1
1241,s-63,u-43,1
1242,s-63,u-46,80
1243,s-63,u-47,133
1244,s-63,u-48,12
1245,s-63,u-49,5
1246,s-63,u-5,2
1247,s-63,u-50,1
1248,s-63,u-51,8
1249,s-63,u-52,6
1250,s-63,u-54,18
1251,s-63,u-55,1
1252,s-63,u-56,17
1253,s-63,u-57,2
1254,s-63,u-58,1
1255,s-63,u-6,1
1256,s-63,u-61,4
1257,s-63,u-9,18
1258,s-64,u-46,4
1259,s-64,u-47,6
1260,s-64,u-49,1
1261,s-64,u-52,4
1262,s-64,u-56,1
1263,s-65,u-25,1
1264,s-65,u-46,3
1265,s-65,u-47,8
1266,s-65,u-52,2
1267,s-65,u-55,2
1268,s-66,u-0,5
1269,s-66,u-11,5
1270,s-66,u-12,1
1271,s-66,u-13,1
1272,s-66,u-14,3
1273,s-66,u-16,3
1274,s-66,u-17,1
1275,s-66,u-18,1
1276,s-66,u-19,1
1277,s-66,u-20,3
1278,s-66,u-21,1
1279,s-66,u-23,1
1280,s-66,u-25,1
1281,s-66,u-28,1
1282,s-66,u-29,1
1283,s-66,u-34,3
1284,s-66,u-35,1
1285,s-66,u-36,6
1286,s-66,u-37,1
1287,s-66,u-38,1
1288,s-66,u-39,4
1289,s-66,u-41,2
1290,s-66,u-42,3
1291,s-66,u-46,2
1292,s-66,u-47,8
1293,s-66,u-5,1
1294,s-66,u-51,1
1295,s-66,u-52,1
1296,s-66,u-54,1
1297,s-66,u-56,2
1298,s-66,u-58,1
1299,s-66,u-6,1
1300,s-66,u-61,2
1301,s-66,u-7,6
1302,s-66,u-8,2
1303,s-66,u-9,3
1304,s-67,u-0,10
1305,s-67,u-10,1
1306,s-67,u-14,1
1307,s-67,u-15,2
1308,s-67,u-16,4
1309,s-67,u-20,4
1310,s-67,u-22,1
1311,s-67,u-23,2
1312,s-67,u-24,1
1313,s-67,u-25,12
1314,s-67,u-27,2
1315,s-67,u-28,6
1316,s-67,u-30,2
1317,s-67,u-31,1
1318,s-67,u-34,3
1319,s-67,u-37,1
1320,s-67,u-46,29
1321,s-67,u-47,43
1322,s-67,u-48,1
1323,s-67,u-49,3
1324,s-67,u-54,8
1325,s-67,u-56,19
1326,s-67,u-57,5
1327,s-67,u-58,1
1328,s-67,u-59,3
1329,s-67,u-60,3
1330,s-67,u-61,1
1331,s-67,u-9,13
1332,s-68,u-0,6
1333,s-68,u-1,1
1334,s-68,u-11,8
1335,s-68,u-13,2
1336,s-68,u-14,16
1337,s-68,u-15,7
1338,s-68,u-16,7
1339,s-68,u-17,8
1340,s-68,u-18,1
1341,s-68,u-19,1
1342,s-68,u-2,1
1343,s-68,u-20,5
1344,s-68,u-21,1
1345,s-68,u-22,10
1346,s-68,u-23,6
1347,s-68,u-24,7
1348,s-68,u-25,17
1349,s-68,u-26,9
1350,s-68,u-28,5
1351,s-68,u-29,3
1352,s-68,u-34,7
1353,s-68,u-35,2
1354,s-68,u-36,1
1355,s-68,u-37,8
1356,s-68,u-38,2
1357,s-68,u-39,2
1358,s-68,u-41,18
1359,s-68,u-42,4
1360,s-68,u-43,3
1361,s-68,u-44,3
1362,s-68,u-45,1
1363,s-68,u-46,7
1364,s-68,u-47,4
1365,s-68,u-49,2
1366,s-68,u-5,2
1367,s-68,u-56,5
1368,s-68,u-57,1
1369,s-68,u-59,2
1370,s-68,u-61,4
1371,s-68,u-9,3
1372,s-69,u-0,3
1373,s-69,u-11,18
1374,s-69,u-12,1
1375,s-69,u-13,1
1376,s-69,u-14,21
1377,s-69,u-15,11
1378,s-69,u-16,5
1379,s-69,u-17,17
1380,s-69,u-18,4
1381,s-69,u-19,3
1382,s-69,u-20,34
1383,s-69,u-21,3
1384,s-69,u-23,3
1385,s-69,u-24,4
1386,s-69,u-25,9
1387,s-69,u-28,3
1388,s-69,u-29,3
1389,s-69,u-34,3
1390,s-69,u-36,6
1391,s-69,u-37,60
1392,s-69,u-38,26
1393,s-69,u-39,2
1394,s-69,u-41,6
1395,s-69,u-42,4
1396,s-69,u-43,3
1397,s-69,u-44,5
1398,s-69,u-45,15
1399,s-69,u-47,1
1400,s-69,u-48,2
1401,s-69,u-56,9
1402,s-69,u-57,2
1403,s-69,u-60,1
1404,s-69,u-61,8
1405,s-7,u-0,30
1406,s-7,u-10,5
1407,s-7,u-15,3
1408,s-7,u-16,2
1409,s-7,u-2,4
1410,s-7,u-26,3
1411,s-7,u-3,2
1412,s-7,u-34,1
1413,s-7,u-35,2
1414,s-7,u-4,5
1415,s-7,u-41,1
1416,s-7,u-49,1
1417,s-7,u-5,2
1418,s-7,u-6,18
1419,s-7,u-61,1
1420,s-7,u-7,1
1421,s-7,u-8,4
1422,s-7,u-9,3
1423,s-70,u-0,1
1424,s-70,u-10,1
1425,s-70,u-11,11
1426,s-70,u-12,2
1427,s-70,u-16,1
1428,s-70,u-22,31
1429,s-70,u-23,20
1430,s-70,u-24,14
1431,s-70,u-25,33
1432,s-70,u-26,1
1433,s-70,u-28,3
1434,s-70,u-29,3
1435,s-70,u-36,4
1436,s-70,u-37,1
1437,s-70,u-38,5
1438,s-70,u-41,3
1439,s-70,u-44,2
1440,s-70,u-45,9
1441,s-70,u-47,2
1442,s-70,u-48,1
1443,s-70,u-49,2
1444,s-70,u-51,1
1445,s-70,u-56,5
1446,s-70,u-6,2
1447,s-70,u-61,3
1448,s-70,u-9,2
1449,s-71,u-0,1
1450,s-71,u-10,5
1451,s-71,u-11,3
1452,s-71,u-14,13
1453,s-71,u-15,3
1454,s-71,u-16,3
1455,s-71,u-17,11
1456,s-71,u-18,1
1457,s-71,u-19,1
1458,s-71,u-2,1
1459,s-71,u-20,21
1460,s-71,u-22,2
1461,s-71,u-24,2
1462,s-71,u-25,3
1463,s-71,u-26,1
1464,s-71,u-28,5
1465,s-71,u-29,16
1466,s-71,u-34,7
1467,s-71,u-35,3
1468,s-71,u-36,8
1469,s-71,u-37,2
1470,s-71,u-38,1
1471,s-71,u-41,1
1472,s-71,u-42,15
1473,s-71,u-43,2
1474,s-71,u-44,10
1475,s-71,u-45,19
1476,s-71,u-5,1
1477,s-71,u-51,1
1478,s-71,u-56,10
1479,s-71,u-57,1
1480,s-71,u-6,2
1481,s-71,u-61,1
1482,s-71,u-9,1
1483,s-72,u-0,10
1484,s-72,u-11,18
1485,s-72,u-12,1
1486,s-72,u-14,4
1487,s-72,u-15,3
1488,s-72,u-16,8
1489,s-72,u-17,3
1490,s-72,u-18,1
1491,s-72,u-19,1
1492,s-72,u-2,2
1493,s-72,u-20,7
1494,s-72,u-21,1
1495,s-72,u-22,1
1496,s-72,u-23,1
1497,s-72,u-24,1
1498,s-72,u-25,3
1499,s-72,u-26,1
1500,s-72,u-28,2
1501,s-72,u-29,2
1502,s-72,u-3,1
1503,s-72,u-34,5
1504,s-72,u-35,1
1505,s-72,u-36,1
1506,s-72,u-38,1
1507,s-72,u-39,1
1508,s-72,u-41,1
1509,s-72,u-44,1
1510,s-72,u-46,2
1511,s-72,u-48,2
1512,s-72,u-56,19
1513,s-72,u-57,1
1514,s-72,u-6,1
1515,s-72,u-61,2
1516,s-73,u-0,6
1517,s-73,u-1,1
1518,s-73,u-10,1
1519,s-73,u-11,24
1520,s-73,u-14,21
1521,s-73,u-15,14
1522,s-73,u-16,7
1523,s-73,u-17,13
1524,s-73,u-18,5
1525,s-73,u-20,26
1526,s-73,u-21,7
1527,s-73,u-22,7
1528,s-73,u-23,1
1529,s-73,u-24,3
1530,s-73,u-25,8
1531,s-73,u-26,1
1532,s-73,u-27,1
1533,s-73,u-28,4
1534,s-73,u-29,14
1535,s-73,u-3,1
1536,s-73,u-30,1
1537,s-73,u-34,10
1538,s-73,u-35,4
1539,s-73,u-36,15
1540,s-73,u-37,7
1541,s-73,u-38,8
1542,s-73,u-39,1
1543,s-73,u-40,1
1544,s-73,u-41,1
1545,s-73,u-42,9
1546,s-73,u-43,8
1547,s-73,u-44,13
1548,s-73,u-45,10
1549,s-73,u-46,1
1550,s-73,u-47,1
1551,s-73,u-48,1
1552,s-73,u-5,3
1553,s-73,u-51,2
1554,s-73,u-56,28
1555,s-73,u-57,1
1556,s-73,u-58,1
1557,s-73,u-59,1
1558,s-73,u-6,4
1559,s-73,u-60,7
1560,s-73,u-61,5
1561,s-73,u-7,1
1562,s-74,u-0,3
1563,s-74,u-1,1
1564,s-74,u-11,24
1565,s-74,u-12,1
1566,s-74,u-14,3
1567,s-74,u-15,2
1568,s-74,u-16,3
1569,s-74,u-17,5
1570,s-74,u-18,1
1571,s-74,u-19,2
1572,s-74,u-20,5
1573,s-74,u-21,2
1574,s-74,u-22,1
1575,s-74,u-23,1
1576,s-74,u-24,1
1577,s-74,u-25,2
1578,s-74,u-26,2
1579,s-74,u-28,1
1580,s-74,u-29,7
1581,s-74,u-34,3
1582,s-74,u-35,1
1583,s-74,u-36,8
1584,s-74,u-37,7
1585,s-74,u-38,3
1586,s-74,u-41,6
1587,s-74,u-42,6
1588,s-74,u-43,3
1589,s-74,u-44,11
1590,s-74,u-45,3
1591,s-74,u-46,1
1592,s-74,u-47,2
1593,s-74,u-48,1
1594,s-74,u-5,1
1595,s-74,u-50,1
1596,s-74,u-54,1
1597,s-74,u-56,47
1598,s-74,u-57,6
1599,s-74,u-58,1
1600,s-74,u-6,1
1601,s-74,u-60,11
1602,s-74,u-61,5
1603,s-74,u-8,1
1604,s-74,u-9,4
1605,s-75,u-11,4
1606,s-75,u-13,1
1607,s-75,u-14,5
1608,s-75,u-15,3
1609,s-75,u-16,3
1610,s-75,u-17,2
1611,s-75,u-20,1
1612,s-75,u-23,1
1613,s-75,u-24,2
1614,s-75,u-25,8
1615,s-75,u-26,28
1616,s-75,u-28,13
1617,s-75,u-29,5
1618,s-75,u-34,17
1619,s-75,u-35,18
1620,s-75,u-36,9
1621,s-75,u-37,2
1622,s-75,u-38,1
1623,s-75,u-39,2
1624,s-75,u-41,21
1625,s-75,u-42,7
1626,s-75,u-43,3
1627,s-75,u-44,3
1628,s-75,u-45,1
1629,s-75,u-46,1
1630,s-75,u-47,5
1631,s-75,u-48,3
1632,s-75,u-50,1
1633,s-75,u-54,1
1634,s-75,u-56,72
1635,s-75,u-57,1
1636,s-75,u-59,3
1637,s-75,u-60,11
1638,s-75,u-61,1
1639,s-75,u-9,3
1640,s-76,u-0,2
1641,s-76,u-1,1
1642,s-76,u-15,1
1643,s-76,u-16,3
1644,s-76,u-25,3
1645,s-76,u-26,13
1646,s-76,u-28,5
1647,s-76,u-34,13
1648,s-76,u-35,3
1649,s-76,u-36,14
1650,s-76,u-41,8
1651,s-76,u-42,5
1652,s-76,u-43,1
1653,s-76,u-44,1
1654,s-76,u-45,2
1655,s-76,u-51,1
1656,s-76,u-56,16
1657,s-76,u-57,1
1658,s-76,u-6,1
1659,s-77,u-0,10
1660,s-77,u-11,1
1661,s-77,u-14,1
1662,s-77,u-15,1
1663,s-77,u-16,1
1664,s-77,u-24,1
1665,s-77,u-25,6
1666,s-77,u-26,26
1667,s-77,u-27,1
1668,s-77,u-28,2
1669,s-77,u-29,1
1670,s-77,u-34,18
1671,s-77,u-35,3
1672,s-77,u-36,23
1673,s-77,u-37,1
1674,s-77,u-38,1
1675,s-77,u-39,1
1676,s-77,u-41,8
1677,s-77,u-42,4
1678,s-77,u-43,2
1679,s-77,u-45,2
1680,s-77,u-46,4
1681,s-77,u-47,10
1682,s-77,u-48,1
1683,s-77,u-50,2
1684,s-77,u-54,2
1685,s-77,u-56,103
1686,s-77,u-57,8
1687,s-77,u-58,2
1688,s-77,u-59,2
1689,s-77,u-6,1
1690,s-77,u-60,11
1691,s-77,u-61,2
1692,s-77,u-9,10
1693,s-8,u-0,47
1694,s-8,u-1,1
1695,s-8,u-10,11
1696,s-8,u-2,2
1697,s-8,u-25,1
1698,s-8,u-3,5
1699,s-8,u-4,5
1700,s-8,u-41,2
1701,s-8,u-44,1
1702,s-8,u-46,1
1703,s-8,u-56,1
1704,s-8,u-6,16
1705,s-8,u-7,9
1706,s-8,u-8,14
1707,s-8,u-9,13
1708,s-9,u-0,30
1709,s-9,u-1,1
1710,s-9,u-10,2
1711,s-9,u-11,1
1712,s-9,u-14,2
1713,s-9,u-15,3
1714,s-9,u-16,1
1715,s-9,u-17,1
1716,s-9,u-2,2
1717,s-9,u-20,2
1718,s-9,u-23,1
1719,s-9,u-26,1
1720,s-9,u-28,1
1721,s-9,u-29,1
1722,s-9,u-3,7
1723,s-9,u-35,1
1724,s-9,u-4,7
1725,s-9,u-44,1
1726,s-9,u-45,1
1727,s-9,u-48,1
1728,s-9,u-49,1
1729,s-9,u-5,2
1730,s-9,u-6,35
1731,s-9,u-7,4
1732,s-9,u-8,3
1733,s-9,u-9,6
1734,u-0,s-0,1
1735,u-0,s-1,12
1736,u-0,s-10,52
1737,u-0,s-11,19
1738,u-0,s-12,14
1739,u-0,s-13,128
1740,u-0,s-14,4
1741,u-0,s-15,16
1742,u-0,s-16,1
1743,u-0,s-17,214
1744,u-0,s-18,33
1745,u-0,s-19,8
1746,u-0,s-2,4
1747,u-0,s-20,78
1748,u-0,s-21,1
1749,u-0,s-22,30
1750,u-0,s-23,28
1751,u-0,s-24,2
1752,u-0,s-25,3
1753,u-0,s-26,5
1754,u-0,s-27,5
1755,u-0,s-28,8
1756,u-0,s-29,10
1757,u-0,s-3,12
1758,u-0,s-35,1
1759,u-0,s-36,1
1760,u-0,s-38,1
1761,u-0,s-41,1
1762,u-0,s-47,3
1763,u-0,s-48,145
1764,u-0,s-5,12
1765,u-0,s-52,15
1766,u-0,s-54,18
1767,u-0,s-55,1
1768,u-0,s-56,1
1769,u-0,s-57,1
1770,u-0,s-58,16
1771,u-0,s-59,8
1772,u-0,s-6,75
1773,u-0,s-60,3
1774,u-0,s-61,5
1775,u-0,s-62,22
1776,u-0,s-63,12
1777,u-0,s-65,2
1778,u-0,s-66,8
1779,u-0,s-67,1
1780,u-0,s-68,5
1781,u-0,s-69,13
1782,u-0,s-7,46
1783,u-0,s-70,8
1784,u-0,s-71,14
1785,u-0,s-72,22
1786,u-0,s-73,25
1787,u-0,s-74,9
1788,u-0,s-75,10
1789,u-0,s-76,12
1790,u-0,s-77,10
1791,u-0,s-8,62
1792,u-0,s-9,55
1793,u-1,s-10,1
1794,u-1,s-15,3
1795,u-1,s-17,23
1796,u-1,s-18,37
1797,u-1,s-19,76
1798,u-1,s-20,4
1799,u-1,s-22,2
1800,u-1,s-48,19
1801,u-1,s-5,1
1802,u-1,s-58,3
1803,u-1,s-63,2
1804,u-1,s-68,1
1805,u-1,s-8,1
1806,u-10,s-0,11
1807,u-10,s-1,54
1808,u-10,s-10,5
1809,u-10,s-12,2
1810,u-10,s-13,2
1811,u-10,s-14,2
1812,u-10,s-16,1
1813,u-10,s-17,2
1814,u-10,s-2,5
1815,u-10,s-20,1
1816,u-10,s-21,1
1817,u-10,s-22,5
1818,u-10,s-23,4
1819,u-10,s-28,1
1820,u-10,s-29,2
1821,u-10,s-3,2
1822,u-10,s-34,1
1823,u-10,s-52,1
1824,u-10,s-57,1
1825,u-10,s-58,2
1826,u-10,s-62,1
1827,u-10,s-63,1
1828,u-10,s-66,1
1829,u-10,s-68,1
1830,u-10,s-69,2
1831,u-10,s-7,2
1832,u-10,s-70,3
1833,u-10,s-75,1
1834,u-10,s-9,1
1835,u-11,s-1,5
1836,u-11,s-10,18
1837,u-11,s-11,1
1838,u-11,s-12,8
1839,u-11,s-13,44
1840,u-11,s-14,46
1841,u-11,s-15,8
1842,u-11,s-16,41
1843,u-11,s-17,2
1844,u-11,s-18,2
1845,u-11,s-19,2
1846,u-11,s-20,2
1847,u-11,s-21,150
1848,u-11,s-22,68
1849,u-11,s-23,37
1850,u-11,s-24,15
1851,u-11,s-25,1
1852,u-11,s-26,12
1853,u-11,s-27,4
1854,u-11,s-28,12
1855,u-11,s-29,12
1856,u-11,s-3,572
1857,u-11,s-36,1
1858,u-11,s-38,1
1859,u-11,s-4,118
1860,u-11,s-48,4
1861,u-11,s-5,44
1862,u-11,s-52,1
1863,u-11,s-54,1
1864,u-11,s-57,1
1865,u-11,s-58,3
1866,u-11,s-62,3
1867,u-11,s-63,15
1868,u-11,s-66,6
1869,u-11,s-68,14
1870,u-11,s-69,5
1871,u-11,s-70,3
1872,u-11,s-73,1
1873,u-11,s-74,1
1874,u-11,s-75,3
1875,u-11,s-8,1
1876,u-11,s-9,1
1877,u-12,s-1,1
1878,u-12,s-10,7
1879,u-12,s-13,14
1880,u-12,s-14,4
1881,u-12,s-15,1
1882,u-12,s-16,1
1883,u-12,s-17,2
1884,u-12,s-18,2
1885,u-12,s-2,1
1886,u-12,s-21,11
1887,u-12,s-22,8
1888,u-12,s-23,5
1889,u-12,s-24,1
1890,u-12,s-3,82
1891,u-12,s-4,6
1892,u-12,s-48,2
1893,u-12,s-5,14
1894,u-12,s-63,1
1895,u-12,s-66,1
1896,u-12,s-70,1
1897,u-13,s-13,2
1898,u-13,s-14,4
1899,u-13,s-16,2
1900,u-13,s-21,5
1901,u-13,s-22,1
1902,u-13,s-24,2
1903,u-13,s-26,1
1904,u-13,s-27,4
1905,u-13,s-28,1
1906,u-13,s-29,1
1907,u-13,s-3,32
1908,u-13,s-4,26
1909,u-13,s-54,1
1910,u-13,s-55,1
1911,u-13,s-63,1
1912,u-13,s-68,1
1913,u-13,s-69,1
1914,u-14,s-1,1
1915,u-14,s-12,1
1916,u-14,s-13,2
1917,u-14,s-14,4
1918,u-14,s-17,1
1919,u-14,s-21,1
1920,u-14,s-22,20
1921,u-14,s-24,10
1922,u-14,s-25,32
1923,u-14,s-26,30
1924,u-14,s-27,17
1925,u-14,s-28,67
1926,u-14,s-29,52
1927,u-14,s-3,1
1928,u-14,s-4,2
1929,u-14,s-57,1
1930,u-14,s-58,17
1931,u-14,s-59,1
1932,u-14,s-62,2
1933,u-14,s-63,3
1934,u-14,s-66,1
1935,u-14,s-68,23
1936,u-14,s-69,23
1937,u-14,s-71,11
1938,u-14,s-72,2
1939,u-14,s-73,12
1940,u-14,s-74,20
1941,u-14,s-75,1
1942,u-14,s-9,1
1943,u-15,s-0,1
1944,u-15,s-1,6
1945,u-15,s-10,2
1946,u-15,s-13,4
1947,u-15,s-14,7
1948,u-15,s-21,2
1949,u-15,s-22,17
1950,u-15,s-23,2
1951,u-15,s-24,11
1952,u-15,s-25,14
1953,u-15,s-26,40
1954,u-15,s-27,24
1955,u-15,s-28,11
1956,u-15,s-29,16
1957,u-15,s-3,4
1958,u-15,s-52,7
1959,u-15,s-54,3
1960,u-15,s-58,5
1961,u-15,s-62,7
1962,u-15,s-63,2
1963,u-15,s-66,3
1964,u-15,s-68,7
1965,u-15,s-69,19
1966,u-15,s-7,1
1967,u-15,s-70,1
1968,u-15,s-71,3
1969,u-15,s-72,6
1970,u-15,s-73,25
1971,u-15,s-74,3
1972,u-15,s-75,2
1973,u-15,s-9,1
1974,u-16,s-1,12
1975,u-16,s-10,3
1976,u-16,s-12,1
1977,u-16,s-13,2
1978,u-16,s-14,5
1979,u-16,s-2,3
1980,u-16,s-21,4
1981,u-16,s-22,21
1982,u-16,s-23,5
1983,u-16,s-24,2
1984,u-16,s-25,22
1985,u-16,s-26,32
1986,u-16,s-27,10
1987,u-16,s-28,49
1988,u-16,s-29,43
1989,u-16,s-3,8
1990,u-16,s-4,4
1991,u-16,s-41,1
1992,u-16,s-48,1
1993,u-16,s-5,1
1994,u-16,s-52,7
1995,u-16,s-54,14
1996,u-16,s-55,1
1997,u-16,s-56,1
1998,u-16,s-57,2
1999,u-16,s-58,18
2000,u-16,s-62,11
2001,u-16,s-63,5
2002,u-16,s-67,1
2003,u-16,s-68,5
2004,u-16,s-69,13
2005,u-16,s-70,1
2006,u-16,s-71,8
2007,u-16,s-72,10
2008,u-16,s-73,7
2009,u-16,s-74,6
2010,u-16,s-75,7
2011,u-16,s-76,2
2012,u-16,s-77,4
2013,u-16,s-8,1
2014,u-16,s-9,1
2015,u-17,s-10,1
2016,u-17,s-13,1
2017,u-17,s-14,1
2018,u-17,s-16,1
2019,u-17,s-22,15
2020,u-17,s-24,3
2021,u-17,s-25,17
2022,u-17,s-26,15
2023,u-17,s-27,22
2024,u-17,s-28,44
2025,u-17,s-29,27
2026,u-17,s-4,2
2027,u-17,s-54,5
2028,u-17,s-58,4
2029,u-17,s-62,5
2030,u-17,s-63,2
2031,u-17,s-66,4
2032,u-17,s-68,8
2033,u-17,s-69,19
2034,u-17,s-71,14
2035,u-17,s-72,4
2036,u-17,s-73,24
2037,u-17,s-74,6
2038,u-17,s-9,1
2039,u-18,s-13,1
2040,u-18,s-14,2
2041,u-18,s-22,16
2042,u-18,s-24,2
2043,u-18,s-25,12
2044,u-18,s-26,4
2045,u-18,s-27,3
2046,u-18,s-28,7
2047,u-18,s-29,2
2048,u-18,s-48,1
2049,u-18,s-52,1
2050,u-18,s-58,12
2051,u-18,s-59,1
2052,u-18,s-61,1
2053,u-18,s-62,1
2054,u-18,s-66,1
2055,u-18,s-67,1
2056,u-18,s-68,2
2057,u-18,s-69,5
2058,u-18,s-71,1
2059,u-18,s-72,2
2060,u-18,s-73,4
2061,u-18,s-74,1
2062,u-19,s-20,1
2063,u-19,s-22,9
2064,u-19,s-24,1
2065,u-19,s-25,8
2066,u-19,s-26,3
2067,u-19,s-27,4
2068,u-19,s-29,4
2069,u-19,s-52,1
2070,u-19,s-54,1
2071,u-19,s-58,3
2072,u-19,s-62,1
2073,u-19,s-72,1
2074,u-19,s-73,1
2075,u-19,s-75,1
2076,u-2,s-10,4
2077,u-2,s-11,1
2078,u-2,s-12,1
2079,u-2,s-13,13
2080,u-2,s-17,11
2081,u-2,s-18,6
2082,u-2,s-20,7
2083,u-2,s-22,1
2084,u-2,s-3,1
2085,u-2,s-48,10
2086,u-2,s-5,1
2087,u-2,s-58,1
2088,u-2,s-63,1
2089,u-2,s-66,4
2090,u-2,s-7,1
2091,u-2,s-77,1
2092,u-2,s-8,1
2093,u-2,s-9,1
2094,u-20,s-13,2
2095,u-20,s-14,6
2096,u-20,s-16,1
2097,u-20,s-21,2
2098,u-20,s-22,15
2099,u-20,s-23,1
2100,u-20,s-24,28
2101,u-20,s-25,61
2102,u-20,s-26,30
2103,u-20,s-27,29
2104,u-20,s-28,70
2105,u-20,s-29,34
2106,u-20,s-3,1
2107,u-20,s-48,2
2108,u-20,s-52,1
2109,u-20,s-54,7
2110,u-20,s-58,11
2111,u-20,s-62,4
2112,u-20,s-63,2
2113,u-20,s-66,3
2114,u-20,s-68,15
2115,u-20,s-69,39
2116,u-20,s-71,11
2117,u-20,s-72,2
2118,u-20,s-73,38
2119,u-20,s-74,15
2120,u-20,s-75,3
2121,u-21,s-14,2
2122,u-21,s-22,7
2123,u-21,s-23,1
2124,u-21,s-24,4
2125,u-21,s-25,44
2126,u-21,s-26,2
2127,u-21,s-27,2
2128,u-21,s-28,2
2129,u-21,s-29,3
2130,u-21,s-52,2
2131,u-21,s-54,1
2132,u-21,s-58,10
2133,u-21,s-61,1
2134,u-21,s-63,1
2135,u-21,s-67,2
2136,u-21,s-68,2
2137,u-21,s-69,2
2138,u-21,s-71,1
2139,u-21,s-72,1
2140,u-21,s-73,5
2141,u-21,s-75,1
2142,u-22,s-14,2
2143,u-22,s-16,2
2144,u-22,s-21,1
2145,u-22,s-22,3
2146,u-22,s-23,143
2147,u-22,s-52,3
2148,u-22,s-54,2
2149,u-22,s-58,6
2150,u-22,s-59,1
2151,u-22,s-62,3
2152,u-22,s-66,1
2153,u-22,s-68,5
2154,u-22,s-69,5
2155,u-22,s-70,2
2156,u-22,s-71,5
2157,u-22,s-73,3
2158,u-22,s-74,6
2159,u-22,s-75,1
2160,u-23,s-10,1
2161,u-23,s-14,1
2162,u-23,s-2,1
2163,u-23,s-21,2
2164,u-23,s-22,2
2165,u-23,s-23,109
2166,u-23,s-26,1
2167,u-23,s-3,3
2168,u-23,s-4,1
2169,u-23,s-52,1
2170,u-23,s-54,2
2171,u-23,s-56,1
2172,u-23,s-57,1
2173,u-23,s-58,3
2174,u-23,s-62,2
2175,u-23,s-63,1
2176,u-23,s-68,2
2177,u-23,s-69,11
2178,u-23,s-71,6
2179,u-23,s-73,7
2180,u-23,s-74,9
2181,u-23,s-76,1
2182,u-23,s-8,1
2183,u-23,s-9,2
2184,u-24,s-1,1
2185,u-24,s-13,1
2186,u-24,s-2,1
2187,u-24,s-20,1
2188,u-24,s-22,5
2189,u-24,s-23,84
2190,u-24,s-26,1
2191,u-24,s-3,1
2192,u-24,s-43,1
2193,u-24,s-54,4
2194,u-24,s-62,3
2195,u-24,s-63,1
2196,u-24,s-68,2
2197,u-24,s-69,16
2198,u-24,s-71,9
2199,u-24,s-73,3
2200,u-24,s-74,2
2201,u-24,s-75,1
2202,u-25,s-1,1
2203,u-25,s-13,1
2204,u-25,s-14,3
2205,u-25,s-15,1
2206,u-25,s-16,3
2207,u-25,s-20,2
2208,u-25,s-21,3
2209,u-25,s-22,23
2210,u-25,s-23,655
2211,u-25,s-24,1
2212,u-25,s-25,3
2213,u-25,s-26,2
2214,u-25,s-27,1
2215,u-25,s-28,3
2216,u-25,s-29,6
2217,u-25,s-3,14
2218,u-25,s-4,2
2219,u-25,s-52,14
2220,u-25,s-54,25
2221,u-25,s-55,2
2222,u-25,s-57,2
2223,u-25,s-58,24
2224,u-25,s-59,1
2225,u-25,s-60,1
2226,u-25,s-61,2
2227,u-25,s-62,24
2228,u-25,s-63,2
2229,u-25,s-66,7
2230,u-25,s-67,4
2231,u-25,s-68,35
2232,u-25,s-69,43
2233,u-25,s-70,122
2234,u-25,s-71,10
2235,u-25,s-72,9
2236,u-25,s-73,25
2237,u-25,s-74,17
2238,u-25,s-75,9
2239,u-25,s-76,3
2240,u-25,s-77,6
2241,u-25,s-8,1
2242,u-26,s-0,1
2243,u-26,s-1,7
2244,u-26,s-10,2
2245,u-26,s-2,2
2246,u-26,s-20,1
2247,u-26,s-22,1
2248,u-26,s-23,3
2249,u-26,s-25,1
2250,u-26,s-52,5
2251,u-26,s-54,1
2252,u-26,s-56,1
2253,u-26,s-58,12
2254,u-26,s-61,27
2255,u-26,s-62,12
2256,u-26,s-63,1
2257,u-26,s-67,2
2258,u-26,s-68,2
2259,u-26,s-7,1
2260,u-26,s-71,6
2261,u-26,s-72,5
2262,u-26,s-73,6
2263,u-26,s-75,2
2264,u-26,s-76,1
2265,u-26,s-77,105
2266,u-26,s-9,1
2267,u-27,s-13,1
2268,u-27,s-16,1
2269,u-27,s-19,1
2270,u-27,s-23,1
2271,u-27,s-25,2
2272,u-27,s-26,2
2273,u-27,s-27,6
2274,u-27,s-28,14
2275,u-27,s-29,2
2276,u-27,s-3,1
2277,u-27,s-58,1
2278,u-27,s-59,1
2279,u-27,s-61,1
2280,u-27,s-62,1
2281,u-27,s-66,5
2282,u-27,s-68,1
2283,u-27,s-69,15
2284,u-27,s-71,25
2285,u-27,s-72,5
2286,u-27,s-73,21
2287,u-27,s-74,2
2288,u-27,s-75,2
2289,u-27,s-76,1
2290,u-28,s-22,2
2291,u-28,s-23,5
2292,u-28,s-24,1
2293,u-28,s-25,1
2294,u-28,s-26,1
2295,u-28,s-27,4
2296,u-28,s-28,3
2297,u-28,s-29,4
2298,u-28,s-3,1
2299,u-28,s-4,1
2300,u-28,s-52,2
2301,u-28,s-54,10
2302,u-28,s-55,1
2303,u-28,s-57,1
2304,u-28,s-58,14
2305,u-28,s-59,8
2306,u-28,s-60,26
2307,u-28,s-61,5
2308,u-28,s-62,22
2309,u-28,s-63,2
2310,u-28,s-66,3
2311,u-28,s-68,13
2312,u-28,s-69,6
2313,u-28,s-70,5
2314,u-28,s-71,18
2315,u-28,s-72,14
2316,u-28,s-73,31
2317,u-28,s-74,20
2318,u-28,s-75,98
2319,u-28,s-76,49
2320,u-28,s-77,61
2321,u-28,s-9,3
2322,u-29,s-12,1
2323,u-29,s-13,1
2324,u-29,s-14,1
2325,u-29,s-22,3
2326,u-29,s-23,27
2327,u-29,s-26,3
2328,u-29,s-27,1
2329,u-29,s-28,4
2330,u-29,s-29,4
2331,u-29,s-52,2
2332,u-29,s-54,2
2333,u-29,s-58,4
2334,u-29,s-59,5
2335,u-29,s-60,3
2336,u-29,s-61,2
2337,u-29,s-62,8
2338,u-29,s-68,4
2339,u-29,s-69,1
2340,u-29,s-70,2
2341,u-29,s-73,2
2342,u-29,s-74,4
2343,u-29,s-75,7
2344,u-29,s-76,4
2345,u-29,s-77,3
2346,u-29,s-9,1
2347,u-3,s-0,1
2348,u-3,s-10,6
2349,u-3,s-11,1
2350,u-3,s-13,7
2351,u-3,s-17,18
2352,u-3,s-20,5
2353,u-3,s-22,1
2354,u-3,s-48,10
2355,u-3,s-5,3
2356,u-3,s-6,1
2357,u-3,s-8,3
2358,u-3,s-9,2
2359,u-30,s-1,1
2360,u-30,s-22,3
2361,u-30,s-38,1
2362,u-30,s-52,110
2363,u-30,s-53,1
2364,u-30,s-54,5
2365,u-30,s-55,2
2366,u-30,s-57,31
2367,u-30,s-58,11
2368,u-30,s-6,1
2369,u-30,s-66,1
2370,u-30,s-67,5
2371,u-30,s-68,1
2372,u-30,s-71,1
2373,u-30,s-73,2
2374,u-30,s-74,2
2375,u-30,s-75,1
2376,u-31,s-1,1
2377,u-31,s-52,9
2378,u-31,s-53,29
2379,u-31,s-54,3
2380,u-31,s-55,1
2381,u-31,s-56,1
2382,u-31,s-58,1
2383,u-31,s-62,3
2384,u-31,s-63,1
2385,u-31,s-67,3
2386,u-32,s-22,1
2387,u-32,s-53,15
2388,u-32,s-57,1
2389,u-32,s-58,1
2390,u-33,s-10,1
2391,u-33,s-22,1
2392,u-33,s-53,14
2393,u-33,s-57,2
2394,u-34,s-0,2
2395,u-34,s-1,5
2396,u-34,s-11,1
2397,u-34,s-15,1
2398,u-34,s-22,3
2399,u-34,s-23,8
2400,u-34,s-25,5
2401,u-34,s-26,9
2402,u-34,s-27,4
2403,u-34,s-28,2
2404,u-34,s-4,1
2405,u-34,s-48,1
2406,u-34,s-49,1
2407,u-34,s-52,15
2408,u-34,s-54,30
2409,u-34,s-55,1
2410,u-34,s-57,2
2411,u-34,s-58,26
2412,u-34,s-59,11
2413,u-34,s-60,12
2414,u-34,s-61,12
2415,u-34,s-62,27
2416,u-34,s-63,2
2417,u-34,s-66,1
2418,u-34,s-67,5
2419,u-34,s-68,8
2420,u-34,s-69,2
2421,u-34,s-70,1
2422,u-34,s-71,9
2423,u-34,s-72,8
2424,u-34,s-73,7
2425,u-34,s-74,29
2426,u-34,s-75,41
2427,u-34,s-76,7
2428,u-34,s-77,12
2429,u-35,s-0,1
2430,u-35,s-1,3
2431,u-35,s-10,1
2432,u-35,s-12,1
2433,u-35,s-52,2
2434,u-35,s-54,9
2435,u-35,s-55,3
2436,u-35,s-56,2
2437,u-35,s-58,2
2438,u-35,s-59,86
2439,u-35,s-61,10
2440,u-35,s-63,1
2441,u-35,s-66,1
2442,u-35,s-67,1
2443,u-35,s-68,3
2444,u-35,s-69,1
2445,u-35,s-71,7
2446,u-35,s-72,2
2447,u-35,s-73,14
2448,u-35,s-74,2
2449,u-35,s-75,2
2450,u-35,s-76,1
2451,u-35,s-8,1
2452,u-36,s-1,2
2453,u-36,s-14,1
2454,u-36,s-15,1
2455,u-36,s-17,2
2456,u-36,s-22,2
2457,u-36,s-23,31
2458,u-36,s-24,7
2459,u-36,s-25,3
2460,u-36,s-26,1
2461,u-36,s-27,2
2462,u-36,s-29,7
2463,u-36,s-3,1
2464,u-36,s-38,1
2465,u-36,s-4,1
2466,u-36,s-52,2
2467,u-36,s-54,11
2468,u-36,s-58,16
2469,u-36,s-59,14
2470,u-36,s-60,7
2471,u-36,s-61,9
2472,u-36,s-62,15
2473,u-36,s-63,1
2474,u-36,s-67,1
2475,u-36,s-69,2
2476,u-36,s-70,1
2477,u-36,s-73,3
2478,u-36,s-74,1
2479,u-36,s-75,4
2480,u-36,s-76,1
2481,u-36,s-77,14
2482,u-37,s-14,2
2483,u-37,s-15,1
2484,u-37,s-16,1
2485,u-37,s-17,1
2486,u-37,s-18,19
2487,u-37,s-19,1
2488,u-37,s-20,1
2489,u-37,s-22,20
2490,u-37,s-23,62
2491,u-37,s-24,2
2492,u-37,s-25,11
2493,u-37,s-26,12
2494,u-37,s-27,4
2495,u-37,s-28,15
2496,u-37,s-29,13
2497,u-37,s-3,5
2498,u-37,s-4,4
2499,u-37,s-46,1
2500,u-37,s-52,3
2501,u-37,s-54,4
2502,u-37,s-57,1
2503,u-37,s-58,18
2504,u-37,s-60,1
2505,u-37,s-61,3
2506,u-37,s-62,7
2507,u-37,s-66,1
2508,u-37,s-68,3
2509,u-37,s-69,14
2510,u-37,s-70,2
2511,u-37,s-71,5
2512,u-37,s-72,1
2513,u-37,s-73,8
2514,u-37,s-74,4
2515,u-37,s-75,1
2516,u-37,s-76,1
2517,u-38,s-14,2
2518,u-38,s-16,1
2519,u-38,s-22,8
2520,u-38,s-23,24
2521,u-38,s-24,17
2522,u-38,s-25,10
2523,u-38,s-26,10
2524,u-38,s-27,5
2525,u-38,s-28,9
2526,u-38,s-29,10
2527,u-38,s-3,1
2528,u-38,s-4,1
2529,u-38,s-52,1
2530,u-38,s-54,3
2531,u-38,s-58,3
2532,u-38,s-62,1
2533,u-38,s-66,1
2534,u-38,s-68,4
2535,u-38,s-69,3
2536,u-38,s-70,2
2537,u-38,s-71,6
2538,u-38,s-72,1
2539,u-38,s-73,3
2540,u-38,s-74,4
2541,u-39,s-1,1
2542,u-39,s-10,1
2543,u-39,s-12,1
2544,u-39,s-13,4
2545,u-39,s-14,13
2546,u-39,s-15,7
2547,u-39,s-16,6
2548,u-39,s-17,2
2549,u-39,s-18,3
2550,u-39,s-21,1
2551,u-39,s-22,7
2552,u-39,s-23,4
2553,u-39,s-24,1
2554,u-39,s-27,2
2555,u-39,s-28,2
2556,u-39,s-3,23
2557,u-39,s-4,4
2558,u-39,s-48,1
2559,u-39,s-5,6
2560,u-39,s-52,2
2561,u-39,s-54,6
2562,u-39,s-55,2
2563,u-39,s-60,2
2564,u-39,s-61,2
2565,u-39,s-68,2
2566,u-39,s-69,1
2567,u-39,s-71,1
2568,u-4,s-10,4
2569,u-4,s-11,2
2570,u-4,s-12,1
2571,u-4,s-13,14
2572,u-4,s-15,1
2573,u-4,s-17,18
2574,u-4,s-18,2
2575,u-4,s-20,4
2576,u-4,s-22,1
2577,u-4,s-48,6
2578,u-4,s-58,1
2579,u-4,s-7,1
2580,u-4,s-8,2
2581,u-4,s-9,1
2582,u-40,s-10,2
2583,u-40,s-11,1
2584,u-40,s-13,1
2585,u-40,s-15,5
2586,u-40,s-16,1
2587,u-40,s-17,5
2588,u-40,s-18,9
2589,u-40,s-22,6
2590,u-40,s-23,1
2591,u-40,s-3,23
2592,u-40,s-48,3
2593,u-40,s-5,60
2594,u-40,s-58,2
2595,u-40,s-62,1
2596,u-40,s-63,2
2597,u-40,s-66,1
2598,u-40,s-68,1
2599,u-40,s-73,1
2600,u-40,s-77,1
2601,u-40,s-8,1
2602,u-40,s-9,1
2603,u-41,s-0,1
2604,u-41,s-1,3
2605,u-41,s-10,2
2606,u-41,s-12,1
2607,u-41,s-13,1
2608,u-41,s-14,1
2609,u-41,s-17,1
2610,u-41,s-21,6
2611,u-41,s-22,8
2612,u-41,s-23,21
2613,u-41,s-24,2
2614,u-41,s-26,1
2615,u-41,s-27,2
2616,u-41,s-28,1
2617,u-41,s-29,3
2618,u-41,s-3,42
2619,u-41,s-37,1
2620,u-41,s-4,3
2621,u-41,s-41,1
2622,u-41,s-48,2
2623,u-41,s-52,3
2624,u-41,s-54,6
2625,u-41,s-58,5
2626,u-41,s-59,8
2627,u-41,s-60,1
2628,u-41,s-61,4
2629,u-41,s-62,16
2630,u-41,s-63,1
2631,u-41,s-66,4
2632,u-41,s-67,1
2633,u-41,s-68,5
2634,u-41,s-69,3
2635,u-41,s-71,1
2636,u-41,s-73,3
2637,u-41,s-74,4
2638,u-41,s-75,11
2639,u-41,s-76,1
2640,u-41,s-77,3
2641,u-42,s-10,1
2642,u-42,s-16,1
2643,u-42,s-17,1
2644,u-42,s-22,6
2645,u-42,s-23,28
2646,u-42,s-25,4
2647,u-42,s-26,4
2648,u-42,s-27,4
2649,u-42,s-28,4
2650,u-42,s-29,7
2651,u-42,s-54,3
2652,u-42,s-58,11
2653,u-42,s-59,8
2654,u-42,s-61,4
2655,u-42,s-62,6
2656,u-42,s-66,1
2657,u-42,s-67,1
2658,u-42,s-68,8
2659,u-42,s-69,8
2660,u-42,s-70,1
2661,u-42,s-72,1
2662,u-42,s-73,6
2663,u-42,s-74,2
2664,u-42,s-75,15
2665,u-42,s-76,6
2666,u-42,s-77,12
2667,u-43,s-14,1
2668,u-43,s-22,1
2669,u-43,s-23,8
2670,u-43,s-25,2
2671,u-43,s-26,5
2672,u-43,s-27,1
2673,u-43,s-28,3
2674,u-43,s-29,2
2675,u-43,s-52,1
2676,u-43,s-54,3
2677,u-43,s-58,5
2678,u-43,s-61,1
2679,u-43,s-62,3
2680,u-43,s-68,3
2681,u-43,s-69,8
2682,u-43,s-72,1
2683,u-43,s-73,1
2684,u-43,s-74,11
2685,u-43,s-75,12
2686,u-43,s-76,2
2687,u-43,s-77,7
2688,u-44,s-14,2
2689,u-44,s-20,1
2690,u-44,s-21,1
2691,u-44,s-22,6
2692,u-44,s-23,13
2693,u-44,s-24,2
2694,u-44,s-25,5
2695,u-44,s-26,6
2696,u-44,s-27,2
2697,u-44,s-28,14
2698,u-44,s-29,5
2699,u-44,s-47,1
2700,u-44,s-54,2
2701,u-44,s-58,7
2702,u-44,s-62,5
2703,u-44,s-68,2
2704,u-44,s-69,9
2705,u-44,s-70,2
2706,u-44,s-72,1
2707,u-44,s-73,6
2708,u-44,s-74,8
2709,u-44,s-75,5
2710,u-44,s-76,2
2711,u-45,s-1,1
2712,u-45,s-14,1
2713,u-45,s-17,2
2714,u-45,s-18,2
2715,u-45,s-20,1
2716,u-45,s-22,5
2717,u-45,s-23,34
2718,u-45,s-24,4
2719,u-45,s-25,2
2720,u-45,s-26,3
2721,u-45,s-27,2
2722,u-45,s-28,3
2723,u-45,s-29,5
2724,u-45,s-52,2
2725,u-45,s-54,2
2726,u-45,s-56,1
2727,u-45,s-58,5
2728,u-45,s-59,4
2729,u-45,s-61,4
2730,u-45,s-62,4
2731,u-45,s-63,3
2732,u-45,s-65,1
2733,u-45,s-69,3
2734,u-45,s-70,2
2735,u-45,s-72,2
2736,u-45,s-73,2
2737,u-45,s-74,2
2738,u-45,s-75,2
2739,u-45,s-76,1
2740,u-45,s-77,1
2741,u-46,s-17,1
2742,u-46,s-19,1
2743,u-46,s-2,2
2744,u-46,s-22,3
2745,u-46,s-23,3
2746,u-46,s-27,1
2747,u-46,s-29,1
2748,u-46,s-3,3
2749,u-46,s-30,4
2750,u-46,s-31,5
2751,u-46,s-32,2
2752,u-46,s-33,37
2753,u-46,s-34,4
2754,u-46,s-35,4
2755,u-46,s-36,18
2756,u-46,s-37,16
2757,u-46,s-38,64
2758,u-46,s-39,1
2759,u-46,s-4,1
2760,u-46,s-40,12
2761,u-46,s-41,216
2762,u-46,s-42,16
2763,u-46,s-43,28
2764,u-46,s-44,1
2765,u-46,s-45,41
2766,u-46,s-46,65
2767,u-46,s-47,26
2768,u-46,s-49,33
2769,u-46,s-5,1
2770,u-46,s-50,26
2771,u-46,s-51,10
2772,u-46,s-52,2
2773,u-46,s-53,3
2774,u-46,s-54,3
2775,u-46,s-56,1
2776,u-46,s-58,2
2777,u-46,s-63,44
2778,u-46,s-64,16
2779,u-46,s-65,21
2780,u-46,s-66,4
2781,u-46,s-67,1
2782,u-46,s-68,1
2783,u-46,s-70,1
2784,u-46,s-72,1
2785,u-46,s-73,2
2786,u-46,s-75,2
2787,u-46,s-77,1
2788,u-47,s-1,5
2789,u-47,s-13,1
2790,u-47,s-14,1
2791,u-47,s-15,4
2792,u-47,s-17,2
2793,u-47,s-18,2
2794,u-47,s-2,8
2795,u-47,s-22,16
2796,u-47,s-23,6
2797,u-47,s-27,1
2798,u-47,s-28,2
2799,u-47,s-3,5
2800,u-47,s-30,17
2801,u-47,s-32,5
2802,u-47,s-33,103
2803,u-47,s-34,8
2804,u-47,s-35,9
2805,u-47,s-36,59
2806,u-47,s-37,21
2807,u-47,s-38,126
2808,u-47,s-39,16
2809,u-47,s-4,1
2810,u-47,s-40,49
2811,u-47,s-41,493
2812,u-47,s-42,34
2813,u-47,s-43,53
2814,u-47,s-44,1
2815,u-47,s-45,50
2816,u-47,s-46,127
2817,u-47,s-47,58
2818,u-47,s-48,2
2819,u-47,s-49,42
2820,u-47,s-5,5
2821,u-47,s-50,12
2822,u-47,s-51,5
2823,u-47,s-52,4
2824,u-47,s-53,1
2825,u-47,s-54,1
2826,u-47,s-56,1
2827,u-47,s-57,3
2828,u-47,s-58,2
2829,u-47,s-62,1
2830,u-47,s-63,293
2831,u-47,s-64,43
2832,u-47,s-65,55
2833,u-47,s-66,12
2834,u-47,s-67,2
2835,u-47,s-68,4
2836,u-47,s-7,1
2837,u-47,s-70,1
2838,u-47,s-72,2
2839,u-47,s-73,1
2840,u-47,s-74,2
2841,u-47,s-75,3
2842,u-47,s-77,1
2843,u-47,s-8,1
2844,u-48,s-10,2
2845,u-48,s-14,1
2846,u-48,s-15,1
2847,u-48,s-17,2
2848,u-48,s-18,1
2849,u-48,s-22,4
2850,u-48,s-23,5
2851,u-48,s-24,3
2852,u-48,s-25,2
2853,u-48,s-29,2
2854,u-48,s-3,5
2855,u-48,s-30,1
2856,u-48,s-32,1
2857,u-48,s-37,1
2858,u-48,s-38,6
2859,u-48,s-41,7
2860,u-48,s-43,1
2861,u-48,s-45,1
2862,u-48,s-46,5
2863,u-48,s-47,1
2864,u-48,s-48,2
2865,u-48,s-5,1
2866,u-48,s-50,2
2867,u-48,s-52,2
2868,u-48,s-54,2
2869,u-48,s-58,1
2870,u-48,s-62,3
2871,u-48,s-63,5
2872,u-48,s-64,1
2873,u-48,s-65,1
2874,u-48,s-66,1
2875,u-48,s-68,1
2876,u-48,s-77,1
2877,u-49,s-1,1
2878,u-49,s-10,1
2879,u-49,s-13,2
2880,u-49,s-14,2
2881,u-49,s-17,5
2882,u-49,s-19,1
2883,u-49,s-20,1
2884,u-49,s-22,2
2885,u-49,s-23,1
2886,u-49,s-24,1
2887,u-49,s-25,1
2888,u-49,s-26,1
2889,u-49,s-28,1
2890,u-49,s-3,2
2891,u-49,s-30,2
2892,u-49,s-33,6
2893,u-49,s-37,1
2894,u-49,s-38,5
2895,u-49,s-4,1
2896,u-49,s-41,14
2897,u-49,s-42,2
2898,u-49,s-45,1
2899,u-49,s-46,7
2900,u-49,s-47,1
2901,u-49,s-48,2
2902,u-49,s-49,2
2903,u-49,s-5,1
2904,u-49,s-52,3
2905,u-49,s-54,2
2906,u-49,s-58,4
2907,u-49,s-62,1
2908,u-49,s-63,24
2909,u-49,s-64,3
2910,u-49,s-65,5
2911,u-49,s-66,4
2912,u-49,s-67,1
2913,u-49,s-70,1
2914,u-49,s-73,1
2915,u-5,s-10,8
2916,u-5,s-11,5
2917,u-5,s-13,2
2918,u-5,s-14,3
2919,u-5,s-15,2
2920,u-5,s-16,1
2921,u-5,s-17,31
2922,u-5,s-18,2
2923,u-5,s-20,9
2924,u-5,s-21,3
2925,u-5,s-22,11
2926,u-5,s-26,2
2927,u-5,s-3,23
2928,u-5,s-4,5
2929,u-5,s-48,23
2930,u-5,s-5,1
2931,u-5,s-58,2
2932,u-5,s-6,6
2933,u-5,s-62,2
2934,u-5,s-66,1
2935,u-5,s-68,1
2936,u-5,s-73,2
2937,u-5,s-74,2
2938,u-5,s-8,4
2939,u-5,s-9,1
2940,u-50,s-10,1
2941,u-50,s-13,1
2942,u-50,s-14,4
2943,u-50,s-15,2
2944,u-50,s-16,3
2945,u-50,s-22,10
2946,u-50,s-23,1
2947,u-50,s-29,2
2948,u-50,s-3,1
2949,u-50,s-38,1
2950,u-50,s-40,1
2951,u-50,s-41,6
2952,u-50,s-45,1
2953,u-50,s-48,1
2954,u-50,s-5,1
2955,u-50,s-50,1
2956,u-50,s-52,2
2957,u-50,s-54,1
2958,u-50,s-55,1
2959,u-50,s-58,3
2960,u-50,s-63,10
2961,u-50,s-64,2
2962,u-51,s-1,2
2963,u-51,s-13,1
2964,u-51,s-15,3
2965,u-51,s-18,1
2966,u-51,s-19,1
2967,u-51,s-22,5
2968,u-51,s-23,3
2969,u-51,s-26,1
2970,u-51,s-28,2
2971,u-51,s-29,2
2972,u-51,s-3,4
2973,u-51,s-33,3
2974,u-51,s-37,2
2975,u-51,s-38,5
2976,u-51,s-39,1
2977,u-51,s-41,7
2978,u-51,s-42,2
2979,u-51,s-45,2
2980,u-51,s-46,3
2981,u-51,s-47,2
2982,u-51,s-5,6
2983,u-51,s-52,1
2984,u-51,s-60,1
2985,u-51,s-63,3
2986,u-51,s-64,1
2987,u-51,s-65,2
2988,u-51,s-66,2
2989,u-51,s-73,1
2990,u-51,s-77,1
2991,u-52,s-30,1
2992,u-52,s-33,6
2993,u-52,s-36,3
2994,u-52,s-38,8
2995,u-52,s-39,1
2996,u-52,s-40,1
2997,u-52,s-41,9
2998,u-52,s-42,1
2999,u-52,s-43,3
3000,u-52,s-45,1
3001,u-52,s-46,2
3002,u-52,s-49,5
3003,u-52,s-54,1
3004,u-52,s-63,6
3005,u-52,s-64,1
3006,u-52,s-65,2
3007,u-53,s-22,1
3008,u-54,s-2,2
3009,u-54,s-22,1
3010,u-54,s-23,1
3011,u-54,s-30,1
3012,u-54,s-31,1
3013,u-54,s-33,8
3014,u-54,s-36,9
3015,u-54,s-38,7
3016,u-54,s-39,4
3017,u-54,s-40,5
3018,u-54,s-41,39
3019,u-54,s-42,2
3020,u-54,s-43,7
3021,u-54,s-44,1
3022,u-54,s-45,3
3023,u-54,s-46,6
3024,u-54,s-47,3
3025,u-54,s-49,5
3026,u-54,s-50,3
3027,u-54,s-51,1
3028,u-54,s-57,1
3029,u-54,s-63,13
3030,u-54,s-64,3
3031,u-54,s-65,4
3032,u-54,s-66,1
3033,u-54,s-9,1
3034,u-55,s-36,1
3035,u-55,s-37,1
3036,u-55,s-38,2
3037,u-55,s-41,6
3038,u-55,s-43,2
3039,u-55,s-45,4
3040,u-55,s-46,1
3041,u-55,s-47,1
3042,u-55,s-49,1
3043,u-55,s-51,4
3044,u-55,s-63,2
3045,u-55,s-64,1
3046,u-55,s-65,1
3047,u-56,s-1,3
3048,u-56,s-13,1
3049,u-56,s-14,6
3050,u-56,s-15,1
3051,u-56,s-2,1
3052,u-56,s-22,6
3053,u-56,s-23,8
3054,u-56,s-24,11
3055,u-56,s-25,2
3056,u-56,s-26,6
3057,u-56,s-27,1
3058,u-56,s-28,2
3059,u-56,s-29,7
3060,u-56,s-3,3
3061,u-56,s-34,1
3062,u-56,s-38,1
3063,u-56,s-41,1
3064,u-56,s-47,1
3065,u-56,s-48,1
3066,u-56,s-49,1
3067,u-56,s-52,194
3068,u-56,s-53,7
3069,u-56,s-54,400
3070,u-56,s-55,88
3071,u-56,s-56,104
3072,u-56,s-57,92
3073,u-56,s-58,34
3074,u-56,s-59,36
3075,u-56,s-60,17
3076,u-56,s-61,78
3077,u-56,s-62,48
3078,u-56,s-63,24
3079,u-56,s-66,9
3080,u-56,s-67,141
3081,u-56,s-68,3
3082,u-56,s-69,2
3083,u-56,s-70,1
3084,u-56,s-71,2
3085,u-56,s-72,3
3086,u-56,s-73,2
3087,u-56,s-74,5
3088,u-56,s-75,9
3089,u-56,s-77,17
3090,u-57,s-22,1
3091,u-57,s-23,3
3092,u-57,s-24,2
3093,u-57,s-26,2
3094,u-57,s-28,2
3095,u-57,s-52,38
3096,u-57,s-53,3
3097,u-57,s-54,53
3098,u-57,s-55,1
3099,u-57,s-56,2
3100,u-57,s-58,4
3101,u-57,s-59,4
3102,u-57,s-60,2
3103,u-57,s-61,2
3104,u-57,s-62,13
3105,u-57,s-67,1
3106,u-57,s-68,1
3107,u-57,s-69,1
3108,u-57,s-77,2
3109,u-58,s-22,1
3110,u-58,s-26,1
3111,u-58,s-29,3
3112,u-58,s-52,21
3113,u-58,s-54,12
3114,u-58,s-56,1
3115,u-58,s-57,1
3116,u-58,s-58,2
3117,u-58,s-59,3
3118,u-58,s-60,1
3119,u-58,s-61,1
3120,u-58,s-62,5
3121,u-58,s-63,2
3122,u-58,s-72,1
3123,u-59,s-22,1
3124,u-59,s-23,3
3125,u-59,s-24,2
3126,u-59,s-52,4
3127,u-59,s-55,1
3128,u-59,s-56,1
3129,u-59,s-57,1
3130,u-59,s-58,12
3131,u-59,s-59,3
3132,u-59,s-60,1
3133,u-59,s-62,3
3134,u-59,s-63,3
3135,u-59,s-67,1
3136,u-59,s-68,1
3137,u-59,s-73,1
3138,u-59,s-75,5
3139,u-59,s-77,3
3140,u-6,s-0,12
3141,u-6,s-1,61
3142,u-6,s-10,12
3143,u-6,s-11,2
3144,u-6,s-12,5
3145,u-6,s-13,3
3146,u-6,s-14,2
3147,u-6,s-15,1
3148,u-6,s-17,18
3149,u-6,s-18,3
3150,u-6,s-2,4
3151,u-6,s-20,6
3152,u-6,s-22,5
3153,u-6,s-23,1
3154,u-6,s-25,1
3155,u-6,s-28,1
3156,u-6,s-3,2
3157,u-6,s-46,1
3158,u-6,s-48,19
3159,u-6,s-54,2
3160,u-6,s-58,1
3161,u-6,s-6,6
3162,u-6,s-62,2
3163,u-6,s-63,1
3164,u-6,s-66,3
3165,u-6,s-7,2
3166,u-6,s-72,1
3167,u-6,s-74,3
3168,u-6,s-75,1
3169,u-6,s-77,1
3170,u-6,s-8,1
3171,u-6,s-9,4
3172,u-60,s-22,1
3173,u-60,s-54,3
3174,u-60,s-57,2
3175,u-60,s-58,5
3176,u-60,s-59,6
3177,u-60,s-60,4
3178,u-60,s-61,65
3179,u-60,s-62,4
3180,u-60,s-63,6
3181,u-60,s-67,3
3182,u-60,s-68,3
3183,u-60,s-69,1
3184,u-60,s-73,1
3185,u-60,s-77,6
3186,u-61,s-1,1
3187,u-61,s-10,1
3188,u-61,s-12,2
3189,u-61,s-13,10
3190,u-61,s-14,13
3191,u-61,s-15,13
3192,u-61,s-16,2
3193,u-61,s-17,6
3194,u-61,s-20,4
3195,u-61,s-21,19
3196,u-61,s-22,22
3197,u-61,s-23,6
3198,u-61,s-24,3
3199,u-61,s-25,1
3200,u-61,s-26,1
3201,u-61,s-27,1
3202,u-61,s-28,1
3203,u-61,s-3,261
3204,u-61,s-4,30
3205,u-61,s-40,1
3206,u-61,s-48,6
3207,u-61,s-5,58
3208,u-61,s-54,2
3209,u-61,s-57,1
3210,u-61,s-58,3
3211,u-61,s-63,1
3212,u-61,s-66,1
3213,u-61,s-67,1
3214,u-61,s-68,4
3215,u-61,s-69,1
3216,u-61,s-71,1
3217,u-61,s-72,1
3218,u-61,s-77,1
3219,u-61,s-8,1
3220,u-7,s-0,7
3221,u-7,s-1,26
3222,u-7,s-10,3
3223,u-7,s-11,4
3224,u-7,s-13,5
3225,u-7,s-14,1
3226,u-7,s-15,2
3227,u-7,s-16,1
3228,u-7,s-17,38
3229,u-7,s-18,5
3230,u-7,s-19,4
3231,u-7,s-2,1
3232,u-7,s-20,26
3233,u-7,s-22,14
3234,u-7,s-23,1
3235,u-7,s-27,1
3236,u-7,s-3,2
3237,u-7,s-48,21
3238,u-7,s-58,3
3239,u-7,s-6,12
3240,u-7,s-63,1
3241,u-7,s-7,5
3242,u-7,s-73,2
3243,u-7,s-9,5
3244,u-8,s-0,12
3245,u-8,s-1,40
3246,u-8,s-10,10
3247,u-8,s-11,12
3248,u-8,s-12,1
3249,u-8,s-13,4
3250,u-8,s-15,2
3251,u-8,s-16,1
3252,u-8,s-17,55
3253,u-8,s-18,2
3254,u-8,s-19,1
3255,u-8,s-2,3
3256,u-8,s-20,12
3257,u-8,s-21,1
3258,u-8,s-22,14
3259,u-8,s-3,1
3260,u-8,s-48,35
3261,u-8,s-5,2
3262,u-8,s-6,5
3263,u-8,s-7,3
3264,u-8,s-71,1
3265,u-8,s-8,1
3266,u-8,s-9,3
3267,u-9,s-0,39
3268,u-9,s-1,296
3269,u-9,s-10,87
3270,u-9,s-11,5
3271,u-9,s-12,31
3272,u-9,s-13,3
3273,u-9,s-14,2
3274,u-9,s-17,1
3275,u-9,s-2,104
3276,u-9,s-21,1
3277,u-9,s-22,11
3278,u-9,s-23,5
3279,u-9,s-24,1
3280,u-9,s-29,1
3281,u-9,s-3,5
3282,u-9,s-36,1
3283,u-9,s-38,1
3284,u-9,s-4,3
3285,u-9,s-43,1
3286,u-9,s-46,2
3287,u-9,s-48,3
3288,u-9,s-52,4
3289,u-9,s-54,2
3290,u-9,s-56,1
3291,u-9,s-57,7
3292,u-9,s-58,6
3293,u-9,s-59,1
3294,u-9,s-6,43
3295,u-9,s-62,2
3296,u-9,s-63,3
3297,u-9,s-65,1
3298,u-9,s-66,7
3299,u-9,s-67,7
3300,u-9,s-68,1
3301,u-9,s-7,25
3302,u-9,s-70,1
3303,u-9,s-71,2
3304,u-9,s-72,1
3305,u-9,s-73,2
3306,u-9,s-75,1
3307,u-9,s-77,2
3308,u-9,s-8,46
3309,u-9,s-9,31
